user_id,movieId,rating,title
Федя,1,4.0,Toy Story (1995)
Федя,111,4.5,Taxi Driver (1976)
Федя,260,4.0,Star Wars (1977)
Федя,296,4.5,Pulp Fiction (1994)
Федя,318,3.5,The Shawshank Redemption (1994)
Федя,541,4.5,Blade Runner (1982)
Федя,750,3.5,Dr. Strangelove or: How I Learned to Stop Worrying and Love the Bomb (1964)
Федя,778,4.5,Trainspotting (1996)
Федя,858,4.0,The Godfather (1972)
Федя,920,4.0,Gone with the Wind (1939)
Федя,923,4.5,Citizen Kane (1941)
Федя,924,3.5,2001: A Space Odyssey (1968)
Федя,1089,4.5,Reservoir Dogs (1992)
Федя,1090,3.5,Platoon (1986)
Федя,1196,4.5,The Empire Strikes Back (1980)
Федя,1222,4.0,Full Metal Jacket (1987)
Федя,1270,4.0,Back to the Future (1985)
Федя,1682,3.0,The Truman Show (1998)
Федя,1732,4.0,The Big Lebowski (1998)
Федя,1884,4.0,Fear and Loathing in Las Vegas (1998)
Федя,2028,3.5,Saving Private Ryan (1998)
Федя,2542,5.0,"Lock, Stock and Two Smoking Barrels (1998)"
Федя,2628,1.5,Star Wars: Episode I - The Phantom Menace (1999)
Федя,2959,3.5,Fight Club (1999)
Федя,3535,4.0,American Psycho (2000)
Федя,4011,4.5,Snatch (2000)
Федя,4306,3.5,Shrek (2001)
Федя,5378,1.0,Star Wars: Episode II - Attack of the Clones (2002)
Федя,6874,3.0,Kill Bill: Vol. 1 (2003)
Федя,8961,3.5,The Incredibles (2004)
Федя,26947,4.0,Pusher (1996)
Федя,33493,1.5,Star Wars: Episode III - Revenge of the Sith (2005)
Федя,34811,3.5,Pusher II: With Blood on My Hands (2004)
Федя,48385,4.0,Borat: Cultural Learnings of America for Make Benefit Glorious Nation of Kazakhstan (2006)
Федя,50872,3.0,Ratatouille (2007)
Федя,51545,4.5,Pusher III (2005)
Федя,59315,3.0,Iron Man (2008)
Федя,62054,3.5,"At Home Among Strangers, a Stranger Among His Own (1974)"
Федя,68157,4.0,Inglourious Basterds (2009)
Федя,74458,3.5,Shutter Island (2010)
Федя,77561,1.5,Iron Man 2 (2010)
Федя,79132,3.0,Inception (2010)
Федя,86332,1.0,Thor (2011)
Федя,88129,3.5,Drive (2011)
Федя,88140,1.0,Captain America: The First Avenger (2011)
Федя,89745,2.0,The Avengers (2012)
Федя,97921,3.5,Silver Linings Playbook (2012)
Федя,99114,4.0,Django Unchained (2012)
Федя,102125,1.5,Iron Man 3 (2013)
Федя,102407,3.0,The Great Gatsby (2013)
Федя,103655,1.0,R.I.P.D. (2013)
Федя,106782,4.0,The Wolf of Wall Street (2013)
Федя,106920,3.0,Her (2013)
Федя,109374,4.0,The Grand Budapest Hotel (2014)
Федя,109487,3.0,Interstellar (2014)
Федя,112556,3.5,Gone Girl (2014)
Федя,112852,3.0,Guardians of the Galaxy (2014)
Федя,115210,3.5,Fury (2014)
Федя,116797,3.0,The Imitation Game (2014)
Федя,122886,2.5,Star Wars: The Force Awakens (2015)
Федя,122900,1.0,Ant-Man (2015)
Федя,122912,2.5,Avengers: Infinity War (2018)
Федя,122914,2.5,Avengers: Endgame (2019)
Федя,122916,1.5,Thor: Ragnarok (2017)
Федя,122918,1.5,Guardians of the Galaxy Vol. 2 (2017)
Федя,122926,3.5,Spider-Man: Homecoming (2017)
Федя,134130,1.5,The Martian (2015)
Федя,135536,0.5,Suicide Squad (2016)
Федя,143355,2.0,Wonder Woman (2017)
Федя,164179,3.5,Arrival (2016)
Федя,166528,2.5,Rogue One: A Star Wars Story (2016)
Федя,168250,2.0,Get Out (2017)
Федя,176371,4.0,Blade Runner 2049 (2017)
Федя,176419,3.5,mother! (2017)
Федя,179819,0.5,Star Wars: The Last Jedi (2017)
Федя,195159,3.5,Spider-Man: Into the Spider-Verse (2018)
Федя,197711,3.5,Us (2019)
Федя,201773,1.0,Spider-Man: Far From Home (2019)
Маша,296,4.0,Pulp Fiction (1994)
Маша,318,5.0,The Shawshank Redemption (1994)
Маша,356,3.5,Forrest Gump (1994)
Маша,778,5.0,Trainspotting (1996)
Маша,1206,4.5,A Clockwork Orange (1971)
Маша,1732,4.5,The Big Lebowski (1998)
Маша,2571,2.5,The Matrix (1999)
Маша,2762,4.5,The Sixth Sense (1999)
Маша,2858,2.0,American Beauty (1999)
Маша,2959,5.0,Fight Club (1999)
Маша,3105,5.0,Awakenings (1990)
Маша,3147,5.0,The Green Mile (1999)
Маша,3949,5.0,Requiem for a Dream (2000)
Маша,4720,5.0,The Others (2001)
Маша,4848,5.0,Mulholland Drive (2001)
Маша,4878,5.0,Donnie Darko (2001)
Маша,4973,4.5,Amélie (2001)
Маша,5618,5.0,Spirited Away (2001)
Маша,5989,5.0,Catch Me If You Can (2002)
Маша,7254,4.5,The Butterfly Effect (2004)
Маша,7361,5.0,Eternal Sunshine of the Spotless Mind (2004)
Маша,45720,4.0,The Devil Wears Prada (2006)
Маша,59315,3.0,Iron Man (2008)
Маша,64622,5.0,The Reader (2008)
Маша,68157,5.0,Inglourious Basterds (2009)
Маша,69757,2.0,(500) Days of Summer (2009)
Маша,71535,3.0,Zombieland (2009)
Маша,74458,5.0,Shutter Island (2010)
Маша,79132,4.0,Inception (2010)
Маша,81591,2.0,Black Swan (2010)
Маша,88810,3.5,The Help (2011)
Маша,92259,5.0,The Intouchables (2011)
Маша,99114,5.0,Django Unchained (2012)
Маша,104879,4.5,Prisoners (2013)
Маша,105844,4.0,12 Years a Slave (2013)
Маша,109374,3.0,The Grand Budapest Hotel (2014)
Маша,109487,4.5,Interstellar (2014)
Маша,112552,5.0,Whiplash (2014)
Маша,112556,5.0,Gone Girl (2014)
Маша,121231,5.0,It Follows (2015)
Маша,135536,1.0,Suicide Squad (2016)
Маша,164179,4.0,Arrival (2016)
Маша,167018,5.0,Why Him? (2016)
Маша,194448,4.5,Green Book (2018)
Маша,198185,5.0,Twin Peaks (1989)
Маша,204698,5.0,Joker (2019)
Маша,205156,5.0,Jojo Rabbit (2019)
Маша,208703,3.0,1917 (2019)
Маша,254726,4.5,Dune (2021)
Маша,271799,2.0,Sonic the Hedgehog 2 (2022)
Леша,260,4.0,Star Wars (1977)
Леша,318,4.0,The Shawshank Redemption (1994)
Леша,1036,4.5,Die Hard (1988)
Леша,1196,4.5,The Empire Strikes Back (1980)
Леша,1198,5.0,Raiders of the Lost Ark (1981)
Леша,1210,4.0,Return of the Jedi (1983)
Леша,1291,4.5,Indiana Jones and the Last Crusade (1989)
Леша,2571,5.0,The Matrix (1999)
Леша,3793,4.0,X-Men (2000)
Леша,3977,3.0,Charlie's Angels (2000)
Леша,4370,4.5,A.I. Artificial Intelligence (2001)
Леша,4886,5.0,"Monsters, Inc. (2001)"
Леша,4896,4.0,Harry Potter and the Philosopher's Stone (2001)
Леша,4963,4.0,Ocean's Eleven (2001)
Леша,4973,3.0,Amélie (2001)
Леша,4993,4.0,The Lord of the Rings: The Fellowship of the Ring (2001)
Леша,4995,5.0,A Beautiful Mind (2001)
Леша,5349,4.0,Spider-Man (2002)
Леша,5378,3.5,Star Wars: Episode II - Attack of the Clones (2002)
Леша,5418,4.5,The Bourne Identity (2002)
Леша,5952,3.0,The Lord of the Rings: The Two Towers (2002)
Леша,5995,4.5,The Pianist (2002)
Леша,6333,3.5,X2 (2003)
Леша,6365,3.5,The Matrix Reloaded (2003)
Леша,6502,3.5,28 Days Later (2002)
Леша,6874,4.5,Kill Bill: Vol. 1 (2003)
Леша,6942,4.0,Love Actually (2003)
Леша,7153,2.5,The Lord of the Rings: The Return of the King (2003)
Леша,7438,4.5,Kill Bill: Vol. 2 (2004)
Леша,8665,4.5,The Bourne Supremacy (2004)
Леша,8961,4.0,The Incredibles (2004)
Леша,30707,4.5,Million Dollar Baby (2004)
Леша,33679,4.0,Mr. & Mrs. Smith (2005)
Леша,33794,3.5,Batman Begins (2005)
Леша,40815,4.0,Harry Potter and the Goblet of Fire (2005)
Леша,44191,3.5,V for Vendetta (2006)
Леша,48385,5.0,Borat: Cultural Learnings of America for Make Benefit Glorious Nation of Kazakhstan (2006)
Леша,48774,4.0,Children of Men (2006)
Леша,49272,5.0,Casino Royale (2006)
Леша,54001,4.0,Harry Potter and the Order of the Phoenix (2007)
Леша,58559,4.5,The Dark Knight (2008)
Леша,59315,4.5,Iron Man (2008)
Леша,64614,4.5,Gran Torino (2008)
Леша,68157,5.0,Inglourious Basterds (2009)
Леша,69122,4.5,The Hangover (2009)
Леша,69844,3.5,Harry Potter and the Half-Blood Prince (2009)
Леша,72998,5.0,Avatar (2009)
Леша,81591,3.5,Black Swan (2010)
Леша,81834,3.5,Harry Potter and the Deathly Hallows: Part 1 (2010)
Леша,89745,4.5,The Avengers (2012)
Леша,92259,5.0,The Intouchables (2011)
Леша,104841,4.0,Gravity (2013)
Леша,106782,5.0,The Wolf of Wall Street (2013)
Леша,109374,5.0,The Grand Budapest Hotel (2014)
Леша,109487,5.0,Interstellar (2014)
Леша,111759,5.0,Edge of Tomorrow (2014)
Леша,112852,3.5,Guardians of the Galaxy (2014)
Леша,122882,3.5,Mad Max: Fury Road (2015)
Леша,122904,5.0,Deadpool (2016)
Леша,122912,4.0,Avengers: Infinity War (2018)
Леша,134130,4.0,The Martian (2015)
Леша,164179,3.5,Arrival (2016)
Леша,254726,4.0,Dune (2021)
Валера,19,2.0,Ace Ventura: When Nature Calls (1995)
Валера,70,3.5,From Dusk Till Dawn (1996)
Валера,296,5.0,Pulp Fiction (1994)
Валера,356,3.5,Forrest Gump (1994)
Валера,608,3.5,Fargo (1996)
Валера,1089,3.5,Reservoir Dogs (1992)
Валера,1682,5.0,The Truman Show (1998)
Валера,1961,5.0,Rain Man (1988)
Валера,2329,5.0,American History X (1998)
Валера,2959,3.5,Fight Club (1999)
Валера,3275,5.0,The Boondock Saints (1999)
Валера,3535,4.0,American Psycho (2000)
Валера,3949,3.0,Requiem for a Dream (2000)
Валера,4886,5.0,"Monsters, Inc. (2001)"
Валера,4993,2.5,The Lord of the Rings: The Fellowship of the Ring (2001)
Валера,5218,4.5,Ice Age (2002)
Валера,5618,5.0,Spirited Away (2001)
Валера,6502,4.5,28 Days Later (2002)
Валера,7153,2.5,The Lord of the Rings: The Return of the King (2003)
Валера,7438,3.5,Kill Bill: Vol. 2 (2004)
Валера,7445,2.0,Man on Fire (2004)
Валера,7454,3.5,Van Helsing (2004)
Валера,8529,4.0,The Terminal (2004)
Валера,8950,4.0,The Machinist (2004)
Валера,8957,4.5,Saw (2004)
Валера,32587,5.0,Sin City (2005)
Валера,44191,3.0,V for Vendetta (2006)
Валера,48385,5.0,Borat: Cultural Learnings of America for Make Benefit Glorious Nation of Kazakhstan (2006)
Валера,51540,3.0,Zodiac (2007)
Валера,53519,2.0,Death Proof (2007)
Валера,56757,5.0,Sweeney Todd: The Demon Barber of Fleet Street (2007)
Валера,68157,4.0,Inglourious Basterds (2009)
Валера,69122,3.0,The Hangover (2009)
Валера,71379,1.0,Paranormal Activity (2007)
Валера,73321,3.0,The Book of Eli (2010)
Валера,74458,2.0,Shutter Island (2010)
Валера,78088,0.5,Buried (2010)
Валера,93840,3.5,The Cabin in the Woods (2012)
Валера,94677,5.0,The Dictator (2012)
Валера,99114,4.0,Django Unchained (2012)
Валера,102407,4.0,The Great Gatsby (2013)
Валера,103186,2.5,Wedding Trough (1974)
Валера,106782,5.0,The Wolf of Wall Street (2013)
Валера,112515,2.0,The Babadook (2014)
Валера,122904,1.5,Deadpool (2016)
Валера,139385,2.0,The Revenant (2015)
Валера,163134,4.5,Your Name. (2016)
Валера,167640,1.0,A Cure for Wellness (2017)
Валера,176419,0.5,mother! (2017)
Валера,193147,5.0,The House That Jack Built (2018)
Валера,204698,4.0,Joker (2019)
Валера,204704,2.5,Ready or Not (2019)
Валера,206246,4.5,The Platform (2019)
Саша,50,3.0,The Usual Suspects (1995)
Саша,153,1.0,Batman Forever (1995)
Саша,318,5.0,The Shawshank Redemption (1994)
Саша,356,4.0,Forrest Gump (1994)
Саша,858,3.0,The Godfather (1972)
Саша,1089,5.0,Reservoir Dogs (1992)
Саша,1729,5.0,Jackie Brown (1997)
Саша,2028,4.0,Saving Private Ryan (1998)
Саша,2329,4.0,American History X (1998)
Саша,2542,4.0,"Lock, Stock and Two Smoking Barrels (1998)"
Саша,2571,3.5,The Matrix (1999)
Саша,2959,5.0,Fight Club (1999)
Саша,3578,4.0,Gladiator (2000)
Саша,4011,5.0,Snatch (2000)
Саша,4993,4.0,The Lord of the Rings: The Fellowship of the Ring (2001)
Саша,5459,2.0,Men in Black II (2002)
Саша,27773,1.0,Oldboy (2003)
Саша,37731,3.0,Green Street Hooligans (2005)
Саша,38388,4.0,Goal! (2005)
Саша,40148,4.0,Revolver (2005)
Саша,45186,1.0,Mission: Impossible III (2006)
Саша,45720,1.0,The Devil Wears Prada (2006)
Саша,46530,1.0,Superman Returns (2006)
Саша,56775,0.5,National Treasure: Book of Secrets (2007)
Саша,60074,1.0,Hancock (2008)
Саша,62849,5.0,RockNRolla (2008)
Саша,68157,5.0,Inglourious Basterds (2009)
Саша,74458,4.0,Shutter Island (2010)
Саша,99114,4.0,Django Unchained (2012)
Саша,122910,0.5,Captain Marvel (2019)
Саша,128360,5.0,The Hateful Eight (2015)
Саша,129514,4.0,George Carlin: It's Bad for Ya! (2008)
Саша,165859,0.5,Marvel One-Shot: The Consultant (2011)
Саша,195159,1.0,Spider-Man: Into the Spider-Verse (2018)
Саша,202429,5.0,Once Upon a Time… in Hollywood (2019)
Саша,210861,4.0,The Gentlemen (2019)
Саша,237288,0.5,Marvelous (2008)
Саша,263007,1.0,Spider-Man: No Way Home (2021)
Саня,1,2.5,Toy Story (1995)
Саня,296,5.0,Pulp Fiction (1994)
Саня,480,4.0,Jurassic Park (1993)
Саня,527,5.0,Schindler's List (1993)
Саня,589,4.0,Terminator 2: Judgment Day (1991)
Саня,648,3.0,Mission: Impossible (1996)
Саня,733,4.5,The Rock (1996)
Саня,1405,4.0,Beavis and Butt-Head Do America (1996)
Саня,1573,4.0,Face/Off (1997)
Саня,1645,3.5,The Devil's Advocate (1997)
Саня,1721,3.5,Titanic (1997)
Саня,1882,3.5,Godzilla (1998)
Саня,2490,5.0,Payback (1999)
Саня,2542,5.0,"Lock, Stock and Two Smoking Barrels (1998)"
Саня,2628,1.0,Star Wars: Episode I - The Phantom Menace (1999)
Саня,2700,5.0,"South Park: Bigger, Longer & Uncut (1999)"
Саня,2985,4.0,RoboCop (1987)
Саня,3578,2.5,Gladiator (2000)
Саня,3623,5.0,Mission: Impossible II (2000)
Саня,3717,5.0,Gone in Sixty Seconds (2000)
Саня,4223,5.0,Enemy at the Gates (2001)
Саня,4369,2.5,The Fast and the Furious (2001)
Саня,4896,2.5,Harry Potter and the Philosopher's Stone (2001)
Саня,4993,2.0,The Lord of the Rings: The Fellowship of the Ring (2001)
Саня,5785,5.0,Jackass: The Movie (2002)
Саня,6378,5.0,The Italian Job (2003)
Саня,6383,4.5,2 Fast 2 Furious (2003)
Саня,6539,0.5,Pirates of the Caribbean: The Curse of the Black Pearl (2003)
Саня,6957,4.5,Bad Santa (2003)
Саня,8957,4.5,Saw (2004)
Саня,8972,4.5,National Treasure (2004)
Саня,32031,4.0,Robots (2005)
Саня,34048,3.0,War of the Worlds (2005)
Саня,39446,4.0,Saw II (2005)
Саня,42385,4.0,Yamakasi (2001)
Саня,44665,5.0,Lucky Number Slevin (2006)
Саня,45186,4.0,Mission: Impossible III (2006)
Саня,45722,0.5,Pirates of the Caribbean: Dead Man's Chest (2006)
Саня,48385,5.0,Borat: Cultural Learnings of America for Make Benefit Glorious Nation of Kazakhstan (2006)
Саня,53996,3.0,Transformers (2007)
Саня,54272,4.0,The Simpsons Movie (2007)
Саня,56775,4.0,National Treasure: Book of Secrets (2007)
Саня,69784,4.0,Brüno (2009)
Саня,71838,5.0,Law Abiding Citizen (2009)
Саня,72129,3.0,Saw VI (2009)
Саня,74458,3.5,Shutter Island (2010)
Саня,78088,4.0,Buried (2010)
Саня,81788,5.0,The Next Three Days (2010)
Саня,84392,5.0,The Lincoln Lawyer (2011)
Саня,86880,0.5,Pirates of the Caribbean: On Stranger Tides (2011)
Саня,88140,1.5,Captain America: The First Avenger (2011)
Саня,91630,5.0,Mission: Impossible - Ghost Protocol (2011)
Саня,94677,5.0,The Dictator (2012)
Саня,98809,1.0,The Hobbit: An Unexpected Journey (2012)
Саня,100083,4.0,Movie 43 (2013)
Саня,106489,1.0,The Hobbit: The Desolation of Smaug (2013)
Саня,106782,4.0,The Wolf of Wall Street (2013)
Саня,109487,2.0,Interstellar (2014)
Саня,111781,5.0,Mission: Impossible - Rogue Nation (2015)
Саня,118696,0.5,The Hobbit: The Battle of the Five Armies (2014)
Саня,119145,5.0,Kingsman: The Secret Service (2015)
Саня,122890,3.0,Warcraft (2016)
Саня,122926,1.0,Spider-Man: Homecoming (2017)
Саня,135887,1.5,Minions (2015)
Саня,143345,1.0,Shazam! (2019)
Саня,157699,5.0,Snowden (2016)
Саня,165347,4.0,Jack Reacher: Never Go Back (2016)
Саня,171519,0.5,Our Russia. Eggs of Destiny (2010)
Саня,171729,0.5,The Best Movie (2008)
Саня,172735,1.5,The Double (2012)
Саня,172833,0.5,Hitler's Kaput! (2008)
Саня,176101,3.5,Kingsman: The Golden Circle (2017)
Саня,176135,1.0,Corporate Event (2014)
Саня,189333,4.0,Mission: Impossible - Fallout (2018)
Саня,197567,1.0,The Term. Beginning of a Big Story (2014)
Саня,206246,5.0,The Platform (2019)
Саня,244334,3.5,Wrath of Man (2021)
Ваня,1,4.5,Toy Story (1995)
Ваня,10,4.5,GoldenEye (1995)
Ваня,111,3.5,Taxi Driver (1976)
Ваня,260,4.0,Star Wars (1977)
Ваня,316,3.0,Stargate (1994)
Ваня,318,5.0,The Shawshank Redemption (1994)
Ваня,364,4.0,The Lion King (1994)
Ваня,500,4.0,Mrs. Doubtfire (1993)
Ваня,527,3.5,Schindler's List (1993)
Ваня,592,4.0,Batman (1989)
Ваня,858,4.0,The Godfather (1972)
Ваня,1193,5.0,One Flew Over the Cuckoo's Nest (1975)
Ваня,1196,5.0,The Empire Strikes Back (1980)
Ваня,1198,5.0,Raiders of the Lost Ark (1981)
Ваня,1201,5.0,"The Good, the Bad and the Ugly (1966)"
Ваня,1203,3.0,12 Angry Men (1957)
Ваня,1208,2.5,Apocalypse Now (1979)
Ваня,1222,3.0,Full Metal Jacket (1987)
Ваня,1258,4.0,The Shining (1980)
Ваня,1527,4.0,The Fifth Element (1997)
Ваня,1580,3.5,Men in Black (1997)
Ваня,1721,4.0,Titanic (1997)
Ваня,1907,4.0,Mulan (1998)
Ваня,2028,4.0,Saving Private Ryan (1998)
Ваня,2167,4.0,Blade (1998)
Ваня,2355,4.0,A Bug's Life (1998)
Ваня,2571,4.0,The Matrix (1999)
Ваня,2985,4.0,RoboCop (1987)
Ваня,3114,3.5,Toy Story 2 (1999)
Ваня,4886,4.0,"Monsters, Inc. (2001)"
Ваня,5218,4.0,Ice Age (2002)
Ваня,5349,4.5,Spider-Man (2002)
Ваня,5618,4.0,Spirited Away (2001)
Ваня,5816,4.0,Harry Potter and the Chamber of Secrets (2002)
Ваня,5952,4.5,The Lord of the Rings: The Two Towers (2002)
Ваня,6377,4.0,Finding Nemo (2003)
Ваня,6874,4.0,Kill Bill: Vol. 1 (2003)
Ваня,8636,4.0,Spider-Man 2 (2004)
Ваня,8961,2.5,The Incredibles (2004)
Ваня,37729,3.0,Corpse Bride (2005)
Ваня,60069,4.0,WALL·E (2008)
Ваня,68358,3.5,Star Trek (2009)
Ваня,88140,4.0,Captain America: The First Avenger (2011)
Ваня,92259,4.0,The Intouchables (2011)
Ваня,97225,3.5,Hotel Transylvania (2012)
Ваня,102125,4.5,Iron Man 3 (2013)
Ваня,122886,3.5,Star Wars: The Force Awakens (2015)
Ваня,122918,5.0,Guardians of the Galaxy Vol. 2 (2017)
Ваня,134853,3.5,Inside Out (2015)
Ваня,177765,5.0,Coco (2017)
Костя,110,4.0,Braveheart (1995)
Костя,1704,4.5,Good Will Hunting (1997)
Костя,2571,4.5,The Matrix (1999)
Костя,3578,4.5,Gladiator (2000)
Костя,4351,5.0,Point Break (1991)
Костя,5956,4.5,Gangs of New York (2002)
Костя,7153,5.0,The Lord of the Rings: The Return of the King (2003)
Костя,7458,5.0,Troy (2004)
Костя,33794,4.0,Batman Begins (2005)
Костя,34150,2.0,Fantastic Four (2005)
Костя,36529,4.0,Lord of War (2005)
Костя,48516,5.0,The Departed (2006)
Костя,48780,4.0,The Prestige (2006)
Костя,53996,3.0,Transformers (2007)
Костя,69526,2.5,Transformers: Revenge of the Fallen (2009)
Костя,87520,0.5,Transformers: Dark of the Moon (2011)
Костя,89745,2.5,The Avengers (2012)
Костя,96821,3.0,The Perks of Being a Wallflower (2012)
Костя,101864,2.0,Oblivion (2013)
Костя,104913,4.0,Rush (2013)
Костя,107406,2.0,Snowpiercer (2013)
Костя,109487,3.5,Interstellar (2014)
Костя,122892,1.0,Avengers: Age of Ultron (2015)
Костя,122912,2.5,Avengers: Infinity War (2018)
Костя,122914,2.0,Avengers: Endgame (2019)
Костя,163060,0.5,The Green Elephant (1999)
Костя,226202,3.0,Free Guy (2021)
Костя,244334,3.0,Wrath of Man (2021)
Костя,251086,2.0,The Suicide Squad (2021)
Костя,251606,3.0,Hitman's Wife's Bodyguard (2021)
Андрей,260,5.0,Star Wars (1977)
Андрей,318,5.0,The Shawshank Redemption (1994)
Андрей,480,4.0,Jurassic Park (1993)
Андрей,858,4.0,The Godfather (1972)
Андрей,1240,3.0,The Terminator (1984)
Андрей,1265,5.0,Groundhog Day (1993)
Андрей,1270,5.0,Back to the Future (1985)
Андрей,1387,0.5,Jaws (1975)
Андрей,1527,5.0,The Fifth Element (1997)
Андрей,1882,5.0,Godzilla (1998)
Андрей,2571,3.0,The Matrix (1999)
Андрей,3452,0.5,Romeo Must Die (2000)
Андрей,3744,0.5,Shaft (2000)
Андрей,4887,0.5,The One (2001)
Андрей,4963,5.0,Ocean's Eleven (2001)
Андрей,5254,3.0,Blade II (2002)
Андрей,5507,1.0,xXx (2002)
Андрей,5574,3.0,The Transporter (2002)
Андрей,5810,5.0,8 Mile (2002)
Андрей,6502,1.0,28 Days Later (2002)
Андрей,6548,5.0,Bad Boys II (2003)
Андрей,7361,5.0,Eternal Sunshine of the Spotless Mind (2004)
Андрей,8361,5.0,The Day After Tomorrow (2004)
Андрей,8644,5.0,"I, Robot (2004)"
Андрей,8985,3.0,Blade: Trinity (2004)
Андрей,45186,0.5,Mission: Impossible III (2006)
Андрей,48774,0.5,Children of Men (2006)
Андрей,54999,0.5,Shoot 'Em Up (2007)
Андрей,56156,0.5,Hitman (2007)
Андрей,56174,5.0,I Am Legend (2007)
Андрей,57528,0.5,Rambo (2008)
Андрей,58559,1.0,The Dark Knight (2008)
Андрей,59315,3.0,Iron Man (2008)
Андрей,60760,2.0,The X Files: I Want to Believe (2008)
Андрей,63992,1.0,Twilight (2008)
Андрей,64497,0.5,The Day the Earth Stood Still (2008)
Андрей,68319,5.0,X-Men Origins: Wolverine (2009)
Андрей,71838,5.0,Law Abiding Citizen (2009)
Андрей,80463,5.0,The Social Network (2010)
Андрей,81229,1.0,RED (2010)
Андрей,81562,1.0,127 Hours (2010)
Андрей,86190,5.0,Hanna (2011)
Андрей,87430,0.5,Green Lantern (2011)
Андрей,88744,0.5,Rise of the Planet of the Apes (2011)
Андрей,91535,1.0,The Bourne Legacy (2012)
Андрей,92259,5.0,The Intouchables (2011)
Андрей,96079,3.0,Skyfall (2012)
Андрей,99112,5.0,Jack Reacher (2012)
Андрей,102407,5.0,The Great Gatsby (2013)
Андрей,106782,5.0,The Wolf of Wall Street (2013)
Андрей,107406,1.0,Snowpiercer (2013)
Андрей,116797,5.0,The Imitation Game (2014)
Андрей,133195,0.5,Hitman: Agent 47 (2015)
Андрей,134130,1.0,The Martian (2015)
Андрей,148671,2.5,Saw (2003)
Андрей,170827,0.5,The Mummy (2017)
Андрей,187593,4.0,Deadpool 2 (2018)
Андрей,204698,4.0,Joker (2019)
Андрей,254726,2.5,Dune (2021)
Антон,231,2.0,Dumb and Dumber (1994)
Антон,296,4.5,Pulp Fiction (1994)
Антон,318,4.5,The Shawshank Redemption (1994)
Антон,527,3.5,Schindler's List (1993)
Антон,2959,4.5,Fight Club (1999)
Антон,4011,4.0,Snatch (2000)
Антон,5989,4.5,Catch Me If You Can (2002)
Антон,7458,4.0,Troy (2004)
Антон,31427,1.0,Hide and Seek (2005)
Антон,64969,4.0,Yes Man (2008)
Антон,74458,5.0,Shutter Island (2010)
Антон,79132,5.0,Inception (2010)
Антон,80463,3.0,The Social Network (2010)
Антон,85788,3.0,Insidious (2010)
Антон,92422,1.0,The Woman in Black (2012)
Антон,95441,3.0,Ted (2012)
Антон,106782,4.5,The Wolf of Wall Street (2013)
Антон,109487,3.0,Interstellar (2014)
Антон,116977,1.5,Dumb and Dumber To (2014)
Антон,128360,4.0,The Hateful Eight (2015)
Антон,136562,3.5,Steve Jobs (2015)
Антон,139385,4.0,The Revenant (2015)
Антон,141688,4.0,Legend (2015)
Антон,151913,1.5,The Best Movie 2 (2009)
Антон,166946,2.0,The Founder (2016)
Антон,171545,2.0,The Best Movie 3-DE (2011)
Антон,171729,1.5,The Best Movie (2008)
Антон,210861,5.0,The Gentlemen (2019)
Антон,226202,4.0,Free Guy (2021)
Антон,231701,4.0,Kill Bill: The Whole Bloody Affair (2011)
Ильдус,34,1.5,Babe (1995)
Ильдус,47,4.5,Se7en (1995)
Ильдус,208,1.5,Waterworld (1995)
Ильдус,260,2.0,Star Wars (1977)
Ильдус,296,4.5,Pulp Fiction (1994)
Ильдус,318,5.0,The Shawshank Redemption (1994)
Ильдус,356,5.0,Forrest Gump (1994)
Ильдус,527,5.0,Schindler's List (1993)
Ильдус,593,4.0,The Silence of the Lambs (1991)
Ильдус,1196,1.5,The Empire Strikes Back (1980)
Ильдус,2706,3.0,American Pie (1999)
Ильдус,2762,4.0,The Sixth Sense (1999)
Ильдус,2959,4.0,Fight Club (1999)
Ильдус,3147,5.0,The Green Mile (1999)
Ильдус,3949,4.0,Requiem for a Dream (2000)
Ильдус,3977,0.5,Charlie's Angels (2000)
Ильдус,4993,5.0,The Lord of the Rings: The Fellowship of the Ring (2001)
Ильдус,5445,1.0,Minority Report (2002)
Ильдус,5574,0.5,The Transporter (2002)
Ильдус,5952,5.0,The Lord of the Rings: The Two Towers (2002)
Ильдус,7153,5.0,The Lord of the Rings: The Return of the King (2003)
Ильдус,7361,3.5,Eternal Sunshine of the Spotless Mind (2004)
Ильдус,8361,2.0,The Day After Tomorrow (2004)
Ильдус,8368,5.0,Harry Potter and the Prisoner of Azkaban (2004)
Ильдус,48385,5.0,Borat: Cultural Learnings of America for Make Benefit Glorious Nation of Kazakhstan (2006)
Ильдус,53322,1.0,Ocean's Thirteen (2007)
Ильдус,54272,2.0,The Simpsons Movie (2007)
Ильдус,60069,3.5,WALL·E (2008)
Ильдус,60074,1.0,Hancock (2008)
Ильдус,63992,2.0,Twilight (2008)
Ильдус,68157,3.0,Inglourious Basterds (2009)
Ильдус,74458,4.0,Shutter Island (2010)
Ильдус,79132,3.5,Inception (2010)
Ильдус,86882,3.0,Midnight in Paris (2011)
Ильдус,92259,3.5,The Intouchables (2011)
Ильдус,93510,1.5,21 Jump Street (2012)
Ильдус,95441,1.5,Ted (2012)
Ильдус,97921,1.0,Silver Linings Playbook (2012)
Ильдус,103249,2.0,World War Z (2013)
Ильдус,104841,1.5,Gravity (2013)
Ильдус,106782,3.5,The Wolf of Wall Street (2013)
Ильдус,109487,4.0,Interstellar (2014)
Ильдус,110102,1.5,Captain America: The Winter Soldier (2014)
Ильдус,111362,1.5,X-Men: Days of Future Past (2014)
Ильдус,115149,2.0,John Wick (2014)
Ильдус,119145,2.0,Kingsman: The Secret Service (2015)
Ильдус,122900,2.5,Ant-Man (2015)
Ильдус,134130,4.0,The Martian (2015)
Ильдус,135536,1.5,Suicide Squad (2016)
Ильдус,148626,3.5,The Big Short (2015)
Ильдус,166461,1.5,Moana (2016)
Ильдус,254726,3.0,Dune (2021)
Ильдус,265148,1.5,Morbius (2022)
Ильдус,271799,1.5,Sonic the Hedgehog 2 (2022)
Ильдус,272445,1.0,Mike Epps: Indiana Mike (2022)
Ильдус,272483,2.0,The Bubble (2022)
Ильдус,272703,1.0,Second Chance (1953)
Ильдус,272705,1.0,Slayground (1983)
Ильдус,272707,1.0,Whispers Behind the Wall (2013)
Ильдус,272709,0.5,The Black Square (2021)
Алексей,47,4.5,Se7en (1995)
Алексей,70,5.0,From Dusk Till Dawn (1996)
Алексей,296,5.0,Pulp Fiction (1994)
Алексей,356,4.5,Forrest Gump (1994)
Алексей,593,5.0,The Silence of the Lambs (1991)
Алексей,788,2.5,The Nutty Professor (1996)
Алексей,1405,5.0,Beavis and Butt-Head Do America (1996)
Алексей,1407,2.5,Scream (1996)
Алексей,1485,4.0,Liar Liar (1997)
Алексей,1517,3.0,Austin Powers: International Man of Mystery (1997)
Алексей,1573,3.0,Face/Off (1997)
Алексей,1584,4.0,Contact (1997)
Алексей,1722,3.5,Tomorrow Never Dies (1997)
Алексей,1882,2.5,Godzilla (1998)
Алексей,1884,4.5,Fear and Loathing in Las Vegas (1998)
Алексей,1911,2.5,Doctor Dolittle (1998)
Алексей,1917,3.0,Armageddon (1998)
Алексей,1918,2.5,Lethal Weapon 4 (1998)
Алексей,2232,3.5,Cube (1997)
Алексей,2329,4.5,American History X (1998)
Алексей,2542,5.0,"Lock, Stock and Two Smoking Barrels (1998)"
Алексей,2571,5.0,The Matrix (1999)
Алексей,2617,3.0,The Mummy (1999)
Алексей,2694,3.0,Big Daddy (1999)
Алексей,2700,5.0,"South Park: Bigger, Longer & Uncut (1999)"
Алексей,2826,4.0,The 13th Warrior (1999)
Алексей,2959,5.0,Fight Club (1999)
Алексей,3006,3.5,The Insider (1999)
Алексей,3147,5.0,The Green Mile (1999)
Алексей,3273,1.5,Scream 3 (2000)
Алексей,3285,4.5,The Beach (2000)
Алексей,3408,2.0,Erin Brockovich (2000)
Алексей,3483,1.5,The Road to El Dorado (2000)
Алексей,3484,1.5,The Skulls (2000)
Алексей,3564,1.0,The Flintstones in Viva Rock Vegas (2000)
Алексей,3646,2.0,Big Momma's House (2000)
Алексей,3752,4.0,"Me, Myself & Irene (2000)"
Алексей,3785,5.0,Scary Movie (2000)
Алексей,4015,4.0,"Dude, Where's My Car? (2000)"
Алексей,4018,2.5,What Women Want (2000)
Алексей,4023,2.0,The Family Man (2000)
Алексей,4025,1.5,Miss Congeniality (2000)
Алексей,4148,4.5,Hannibal (2001)
Алексей,4343,3.0,Evolution (2001)
Алексей,4367,2.5,Lara Croft: Tomb Raider (2001)
Алексей,4368,2.0,Dr. Dolittle 2 (2001)
Алексей,4369,1.5,The Fast and the Furious (2001)
Алексей,4388,4.0,Scary Movie 2 (2001)
Алексей,4447,2.0,Legally Blonde (2001)
Алексей,4638,2.5,Jurassic Park III (2001)
Алексей,4639,2.0,America's Sweethearts (2001)
Алексей,4718,5.0,American Pie 2 (2001)
Алексей,4720,5.0,The Others (2001)
Алексей,4734,4.0,Jay and Silent Bob Strike Back (2001)
Алексей,4823,1.5,Serendipity (2001)
Алексей,5014,2.0,I Am Sam (2001)
Алексей,5108,2.0,John Q (2002)
Алексей,5254,2.5,Blade II (2002)
Алексей,5299,1.0,My Big Fat Greek Wedding (2002)
Алексей,5388,4.0,Insomnia (2002)
Алексей,5507,2.0,xXx (2002)
Алексей,5574,3.5,The Transporter (2002)
Алексей,5608,4.0,The Experiment (2001)
Алексей,5617,4.5,Secretary (2002)
Алексей,5620,1.5,Sweet Home Alabama (2002)
Алексей,5785,5.0,Jackass: The Movie (2002)
Алексей,5956,5.0,Gangs of New York (2002)
Алексей,5995,4.0,The Pianist (2002)
Алексей,6157,2.0,Daredevil (2003)
Алексей,6373,4.5,Bruce Almighty (2003)
Алексей,6383,1.5,2 Fast 2 Furious (2003)
Алексей,6502,5.0,28 Days Later (2002)
Алексей,6534,2.0,Hulk (2003)
Алексей,6535,2.0,"Legally Blonde 2: Red, White & Blonde (2003)"
Алексей,6586,4.5,American Wedding (2003)
Алексей,6595,2.0,S.W.A.T. (2003)
Алексей,6888,4.0,Scary Movie 3 (2003)
Алексей,6934,3.0,The Matrix Revolutions (2003)
Алексей,6936,0.5,Elf (2003)
Алексей,6952,4.0,Gothika (2003)
Алексей,6953,5.0,21 Grams (2003)
Алексей,7163,1.5,Paycheck (2003)
Алексей,7285,3.5,Thirteen (2003)
Алексей,7371,4.0,Dogville (2003)
Алексей,8360,2.5,Shrek 2 (2004)
Алексей,31696,3.0,Constantine (2005)
Алексей,44191,3.5,V for Vendetta (2006)
Алексей,48385,5.0,Borat: Cultural Learnings of America for Make Benefit Glorious Nation of Kazakhstan (2006)
Алексей,53000,3.0,28 Weeks Later (2007)
Алексей,56174,5.0,I Am Legend (2007)
Алексей,69122,5.0,The Hangover (2009)
Алексей,71535,5.0,Zombieland (2009)
Алексей,73017,5.0,Sherlock Holmes (2009)
Алексей,74458,4.5,Shutter Island (2010)
Алексей,81229,2.0,RED (2010)
Алексей,81834,4.5,Harry Potter and the Deathly Hallows: Part 1 (2010)
Алексей,92259,5.0,The Intouchables (2011)
Алексей,122904,2.0,Deadpool (2016)
Алексей,134130,4.0,The Martian (2015)
Алексей,265148,2.0,Morbius (2022)
Алексей,271799,2.0,Sonic the Hedgehog 2 (2022)
Денис,293,4.0,Léon: The Professional (1994)
Денис,1580,4.0,Men in Black (1997)
Денис,3793,5.0,X-Men (2000)
Денис,6333,4.5,X2 (2003)
Денис,6383,4.0,2 Fast 2 Furious (2003)
Денис,7254,4.0,The Butterfly Effect (2004)
Денис,8361,4.0,The Day After Tomorrow (2004)
Денис,8644,4.0,"I, Robot (2004)"
Денис,32587,2.5,Sin City (2005)
Денис,46335,4.0,The Fast and the Furious: Tokyo Drift (2006)
Денис,53125,4.0,Pirates of the Caribbean: At World's End (2007)
Денис,56174,4.5,I Am Legend (2007)
Денис,67923,4.0,Fast & Furious (2009)
Денис,68954,2.5,Up (2009)
Денис,71535,4.0,Zombieland (2009)
Денис,78469,3.5,The A-Team (2010)
Денис,92259,4.0,The Intouchables (2011)
Денис,102716,1.5,Fast & Furious 6 (2013)
Денис,103772,4.5,The Wolverine (2013)
Денис,106782,2.5,The Wolf of Wall Street (2013)
Денис,109487,4.0,Interstellar (2014)
Денис,111360,5.0,Lucy (2014)
Денис,115210,3.5,Fury (2014)
Денис,119145,4.0,Kingsman: The Secret Service (2015)
Денис,122900,3.5,Ant-Man (2015)
Денис,122904,4.0,Deadpool (2016)
Денис,130490,3.0,Insurgent (2015)
Денис,130634,1.0,Furious 7 (2015)
Денис,134130,3.5,The Martian (2015)
Денис,141688,5.0,Legend (2015)
Денис,159093,3.0,Now You See Me 2 (2016)
Денис,170875,0.5,The Fate of the Furious (2017)
Денис,187593,2.5,Deadpool 2 (2018)
Денис,203519,1.5,Fast & Furious Presents: Hobbs & Shaw (2019)
Денис,204698,4.5,Joker (2019)
Денис,254726,5.0,Dune (2021)
Денис,263007,3.5,Spider-Man: No Way Home (2021)
